"M_Mamon";"M_Hinhanh";"M_Tenmon";"M_Nhom";"M_Dvt";"M_Mota";"M_Gia"
"1";"chuotdongquaylu.jpeg";"Chu?t ??ng quay lu";"??c s?n";"Con";"100% chu?t ??ng t??i.";"55"
"2";"comgoilasengaohuyetrong.png";"C?m gói lá sen g?o huy?t r?ng";"??c s?n";"Ph?n";"- Gao huy?t rông
- Lá Sen 
- Ch? l?a
...";"78"
"3";"lauculao.jpeg";"L?u cù lao truy?n th?ng";"??c s?n";"Ph?n";;"380"
"4";"chagiogocque.png";"Ch? giò Góc Quê";"??c s?n";"Ph?n";;"120"
"23";"goixoankhocalongtong.png";"G?i xoài khô cá lòng tông";"G?i";"Ph?n";;"115"
"22";"goingosen.png";"G?i ngó sen";"G?i";"Ph?n";;"115"
"21";"goixoaikhocaloc.png";"G?i xoài khô cá lóc";"G?i";"Ph?n";;"115"
"9";"bapbongamnuocmam.png";"B?p bò ngâm n??c m?m";"Khai v?";"Ph?n";;"105"
"10";"bongbichiengion.png";"Bông bí chiên giòn";"Khai v?";"Ph?n";;"120"
"11";"cathaclacdontrungmuoi.png";"Cá thác lác d?n tr?ng mu?i";"Khai v?";"Ph?n";;"190"
"12";"chacathaclacchiencom.png";"Ch? cá thác lác chiên c?m";"Khai v?";"Ph?n";;"130"
"13";"gioheomuoichien.png";"Giò heo mu?i chiên";"Khai v?";"Ph?n";;"175"
"14";"chaocnuonggocque.png";"Ch? ?c n??ng Góc Quê";"Khai v?";"Ph?n";;"130"
"15";"lasennonchiengion.png";"Lá sen non chiên giòn";"Khai v?";"Ph?n";;"120"
"16";"khoaimonchiennuocmam.png";"Khoai môn chiên n??c m?m";"Khai v?";"Ph?n";;"75"
"17";"tepchienbot.png";"Tép chiên b?t";"Khai v?";"Ph?n";;"140"
"18";"tepramman.png";"Tép ram m?n";"Khai v?";"Ph?n";;"110"
"19";"chagiogocque.png";"Ch? giò Góc Quê";"Khai v?";"Ph?n";;"120"
"20";"tomtraithom.png";"Tôm trái th?m";"Khai v?";"Ph?n";;"145"
"24";"goicuhuduatomthit.png";"G?i c? h? d?a tôm th?t";"G?i";"Ph?n";;"115"
"25";"goiocdangbapchuoi.png";"G?i ?c ??ng b?p chu?i";"G?i";"Ph?n";;"115"
"26";"goidiendientep.png";"G?i ?iên ?i?n tép";"G?i";"Ph?n";;"115"
"27";"goiraucangcuabotrung.png";"G?i rau càng cua bò tr?ng";"G?i";"Ph?n";;"115"
"28";"goikhoaimonkhomuc.png";"G?i khoai môn khô m?c";"G?i";"Ph?n";;"145"
"29";"goiraucangcuachacathaclac.png";"G?i rau càng cua ch? cá thác lác";"G?i";"Ph?n";;"115"
"30";"goixoaikhosac.png";"G?i xoài khô s?c";"G?i";"Ph?n";;"115"
"31";"diendienxaotep.png";"?iên ?i?n xào tép";"Rau";"Ph?n";;"115"
"32";"rauthapcamkhoquet.png";"Rau th?p c?m + Kho qu?t";"Rau";"Ph?n";;"120"
"33";"khoquaxaotrung.png";"Kh? qua xào tr?ng";"Rau";"Ph?n";;"85"
"34";"raulanxaotoi.png";"Rau lan xào t?i";"Rau";"Ph?n";;"70"
"35";"dotbauxaotoi.png";"??t b?u xào t?i";"Rau";"Ph?n";;"70"
"36";"bongbixaotoi.png";"Bông bí xào t?i";"Rau";"Ph?n";;"80"
"37";"bapnonxao.png";"B?p non xào";"Rau";"Ph?n";;"80"
"38";"binuxao.png";"Bí n? xào";"Rau";"Ph?n";;"80"
"39";"daurongxaotoi.png";"??u r?ng xào t?i";"Rau";"Ph?n";;"70"
"0";"comchientom.png";"C?m chiên tôm";"C?m";"Ph?n";;"140"
"40";"comgoilasen.png";"C?m gói lá sen";"C?m";"Ph?n";;"78"
"41";"comchienduongchau.jpeg";"C?m chiên d??ng châu";"C?m";"Ph?n";;"120"
"42";"comchiencaman.jpeg";"C?m chiên cá m?n";"C?m";"Ph?n";;"120"
"43";"comchienhaisan.jpeg";"C?m chiên h?i s?n";"C?m";"Ph?n";;"120"
"44";"comchientoi.webp";"C?m chiên t?i";"C?m";"Ph?n";;"75"
"45";"comchientrungtrummen.jpeg";"C?m chiên tr?ng trùm m?n";"C?m";"Ph?n";;"120"
